id,songName,Expert1,Expert2,Expert3,Expert4,Expert5,Expert6
46,Agarradinho,no,,,,no,no
47,Nosso Xote,no,no,,,,no
48,Vida Boa Danada,no,no,no,,,
59,Xote Triste,,no,no,no,,
60,Nosso Xote,,,no,no,no,
61,Baiao,,,,no,no,no
62,Agarradinho,no,,,,no,no
65,Agarradinho,yes,yes,,,,no
66,Nosso Xote,yes,no,no,,,
67,Xote Triste,,yes,no,yes,,
70,Agarradinho,,no,no,no,,
71,Nosso Xote,,,no,no,no,
72,Xote Triste,,,,no,no,no
75,Vida Boa Danada,yes,no,,,,yes
76,Que Seja,yes,yes,no,,,
80,Agarradinho,,no,no,yes,,
81,Nosso Xote,,,no,yes,no,
82,Xote Triste,,,,yes,no,yes
85,Xote Triste,yes,,,,yes,yes
86,Vida Boa Danada,yes,yes,,,,yes
87,Que Seja,yes,no,no,,,
90,Agarradinho,,no,no,yes,,
92,Vida Boa Danada,,,no,yes,no,
94,Que Seja,,,,yes,yes,yes
97,Vida Boa Danada,yes,,,,yes,yes
98,Danielle,yes,yes,empty,,,
105,Agarradinho,no,,,,no,no
106,Nosso Xote,yes,no,,,,no
107,Xote Triste,no,no,no,,,
110,Agarradinho,,no,no,no,,
111,Nosso Xote,,,no,no,no,
112,Xote Triste,,,,no,no,no
312,Nosso Xote,,yes,no,no,,
313,No Escurinho,,,empty,no,no,
314,Que Seja,,,,no,no,no
319,Xote Triste,no,,,,no,no
320,Nosso Xote,yes,yes,,,,yes
321,Que Seja,yes,no,no,,,
336,Xote Triste,,,no,no,no,
337,Agarradinho,,,,no,no,no
338,Nosso Xote,yes,,,,yes,yes
345,Xote Triste,yes,yes,,,,yes
346,Vida Boa Danada,yes,no,no,,,
347,Que Seja,,no,no,no,,
392,Agarradinho,no,,,,no,no
393,Nosso Xote,no,no,,,,no
394,Xote Triste,no,no,no,,,
397,Agarradinho,,no,no,no,,
398,Nosso Xote,,,no,no,no,
399,Xote Triste,,,,no,no,no
427,Vida Boa Danada,,no,no,no,,
428,Nosso Xote,,,no,no,no,
429,Xote Triste,,,,no,no,yes
432,Xote Triste,yes,,,,yes,yes
433,Vida Boa Danada,yes,no,,,,yes
434,Canto do Sabia,yes,no,empty,,,
452,Agarradinho,,yes,no,yes,,
453,Nosso Xote,,,no,no,no,
454,Xote Triste,,,,no,no,no
507,Nosso Xote,,yes,no,yes,,
549,Vida Boa Danada,,,no,yes,yes,
550,Danielle,,,,yes,yes,yes
551,Nosso Xote,yes,,,,yes,yes
552,Vida Boa Danada,yes,yes,,,,yes
553,Maria do Povo,yes,no,empty,,,
561,Nosso Xote,no,,,,no,no
562,Xote Triste,yes,no,,,,no
563,Vida Boa Danada,no,no,no,,,
576,Nosso Xote,,,no,yes,yes,
577,Xote Triste,,,,yes,yes,yes
578,Vida Boa Danada,yes,,,,no,no
579,Que Seja,yes,no,,,,no
580,Vida Boa Danada,yes,no,no,,,
581,Canto do Sabia,,yes,empty,yes,,
582,Nosso Xote,yes,,,,no,no
583,Agarradinho,no,no,,,,no
584,Xote Triste,no,no,no,,,
585,Agarradinho,,no,no,no,,
586,Xote Triste,,,no,no,no,
587,Nosso Xote,,,,yes,no,no
605,Baiao,,,no,yes,yes,
606,Forro,,,,yes,yes,yes
607,Agarradinho,yes,,,,yes,yes
608,Vida Boa Danada,yes,no,,,,yes
609,Canto do Sabia,yes,no,empty,,,
610,Nosso Xote,,no,no,yes,,
611,Que Seja,,,no,yes,yes,
614,No Escurinho,,,,yes,yes,yes
615,No Escurinho,yes,,,,yes,yes
616,Xote Triste,yes,no,,,,yes
617,Danielle,no,no,empty,,,
618,Maria do Povo,,no,empty,yes,,
619,Maria do Povo,,,empty,yes,yes,
620,Danielle,,,,yes,yes,yes
